<?xml version="1.0" encoding="UTF-8" standalone="yes"?>
<album>
    <artist>Porcupine Tree</artist>
    <title>Fear of a Blank Planet</title>
    <year>2007</year>
    <tracks>
        <track length="448">Fear of a Blank Planet</track>
        <track length="307">My Ashes</track>
        <track length="1062">Anesthetize</track>
        <track length="326">Sentimental</track>
        <track length="457">Way Out of Here</track>
        <track length="448">Sleep Together</track>
    </tracks>
</album>
